filename,image
1,5-5-10-H-A1000C 100h-30k-3-crop
2,5-5-A1000C 100h-30k-9 crop
3,5-5-A1000C 100h-30k-9 crop2
4,5-5-A1000C 100h-30k-9-crop
5,5k-Cr-10-10-20Fe-H-Ageing1200C 4h-6-crop
6,Cr-5-5-10Fe-A1200C 4h-6 crop1
7,Cr-5-5-10Fe-A1200C 4h-6 crop2
8,Cr-5-5-10Fe-H1400-20h-A800-240h-80k-9crop1
9,Cr-5-5-10Fe-H1400-20h-A800-240h-80k-9crop2
10,Cr-5-5-10Fe-H1400-20h-A800-240h-80k-10 crop
11,Cr-5-5-10Fe-H1400-20h-A800-240h-80k-10 crop2
12,Cr-5-5-10Fe-H1400-20h-A1000-20h-50k-10 crop
13,Cr-5-5-10Fe-H1400-20h-A1000-240h-30k-8 crop2
14,Cr-5-5-A1200C 4h-20k-5-crop1
15,Cr-5-5-A1200C 4h-20k-5-crop2
16,Cr-10-10-20Fe-H20h-A1200C 20h-7-crop1
17,J955-H2-7-crop1
18,J955-H2-7-crop2
19,Cr-10-10-20Fe-A100h-1-crop1
20,Cr-10-10-20Fe-A100h-4-crop1
21,Cr-10Ni-10Al-20Fe-8 crop1
22,Cr-10Ni-10Al-20Fe-8 crop2
23,Cr-10Ni-10Al-20Fe-H1400C20h-9 crop1
24,Cr-10Ni-10Al-20Fe-H1400C20h-9 crop2
